<?xml version="1.0" encoding="UTF-8"?>
<project-private xmlns="http://www.netbeans.org/ns/project-private/1">
    <editor-bookmarks xmlns="http://www.netbeans.org/ns/editor-bookmarks/2" lastBookmarkId="0"/>
    <open-files xmlns="http://www.netbeans.org/ns/projectui-open-files/2">
        <group>
            <file>file:/C:/Users/PICHAU/Desktop/UFN/linguagens%202/prova%2002/Prova02/src/FormMenu.java</file>
            <file>file:/C:/Users/PICHAU/Desktop/UFN/linguagens%202/prova%2002/Prova02/src/Principal.java</file>
            <file>file:/C:/Users/PICHAU/Desktop/UFN/linguagens%202/prova%2002/Prova02/src/FormAgendamento.java</file>
            <file>file:/C:/Users/PICHAU/Desktop/UFN/linguagens%202/prova%2002/Prova02/src/FrmClasses.java</file>
            <file>file:/C:/Users/PICHAU/Desktop/UFN/linguagens%202/prova%2002/Prova02/src/Classe.java</file>
            <file>file:/C:/Users/PICHAU/Desktop/UFN/linguagens%202/prova%2002/Prova02/src/Main.java</file>
        </group>
    </open-files>
</project-private>
